snapshot_id,timestamp,cmc_id,name,symbol,slug,cmc_rank,price,percent_change_1h,percent_change_24h,percent_change_7d,percent_change_30d,percent_change_60d,percent_change_90d,volume_24h,volume_change_24h,market_cap,market_cap_dominance,volume_rank_top100,loser_rank_top100,gainer_rank_top100,is_top100
20260930_210854,2026-09-30T21:08:54.415754+00:00,1,Bitcoin,BTC,bitcoin,1,83698.31004134231,0.2061984,0.21816399,-0.67549851,6.23737311,33.46605074,36.14447363,36281180338.31444,36.0254,1681575130494.3945,58.6913,2,60,41,1
20260930_210854,2026-09-30T21:08:54.415754+00:00,1027,Ethereum,ETH,ethereum,2,2682.1532323657034,0.48634625,-0.20559284,0.41135099,8.5053747,45.8793663,57.54088029,14128238286.977886,-6.0025,327471975679.1037,11.4296,4,43,58,1
20260930_210854,2026-09-30T21:08:54.415754+00:00,825,Tether USDt,USDT,tether,3,0.9994356492603231,0.00238259,-0.01819891,-0.0425093,-0.03912356,0.02782133,0.04967093,79984201509.24573,10.212,183766816513.02798,6.4139,1,51,50,1
20260930_210854,2026-09-30T21:08:54.415754+00:00,1839,BNB,BNB,bnb,4,767.4269967874162,0.34729317,1.31689475,0.30446137,11.11751655,33.32683895,37.68081875,1803060687.3575811,16.1856,102190142786.47287,3.5667,7,75,26,1
20260930_210854,2026-09-30T21:08:54.415754+00:00,52,XRP,XRP,xrp,5,1.4913408090161402,0.22314562,-0.28673444,0.42007159,7.72287549,41.05180327,37.85551248,3664525574.9862776,-21.2321,94093129798.00021,3.2841,6,42,59,1
20260930_210854,2026-09-30T21:08:54.415754+00:00,3408,USDC,USDC,usd-coin,6,1.0000258407745635,0.00463973,0.00988452,0.01353923,0.00753903,0.0110489,0.03248112,17427095438.900433,5.2592,74040750380.72665,2.5842,3,56,45,1
20260930_210854,2026-09-30T21:08:54.415754+00:00,5426,Solana,SOL,solana,7,118.10612116046383,0.57584429,-0.68102212,3.50923037,14.20384264,64.85642676,46.01322827,4289939735.3687177,21.3736,69447048548.87854,2.4239,5,37,64,1
20260930_210854,2026-09-30T21:08:54.415754+00:00,1958,TRON,TRX,tron,8,0.3379247203395223,0.01450944,0.88307891,-0.71885962,1.42330495,3.2479813,6.47773969,510584490.44956595,39.7122,32094621369.93099,1.1195,21,73,28,1
20260930_210854,2026-09-30T21:08:54.415754+00:00,1437,Zcash,ZEC,zcash,9,1423.3539203429193,0.40480464,1.55482881,-5.09438649,66.39967906,207.48267188,229.18234689,1155403169.957476,-27.0331,24046976162.9764,0.8393,10,77,24,1
20260930_210854,2026-09-30T21:08:54.415754+00:00,32196,Hyperliquid,HYPE,hyperliquid,10,90.34523791237886,1.25545614,4.88888611,-2.61656966,6.97278271,73.15639724,36.45943502,1035878587.9179002,52.6682,22682468847.24642,0.7917,12,92,9,1
20260930_210854,2026-09-30T21:08:54.415754+00:00,74,Dogecoin,DOGE,dogecoin,11,0.09444840954246149,0.27233877,0.47353231,2.77536207,13.59092022,37.11335609,27.66213763,1213884928.2759707,24.2187,16230640239.548174,0.5661,9,66,35,1
20260930_210854,2026-09-30T21:08:54.415754+00:00,1975,Chainlink,LINK,chainlink,12,14.3262790933531,0.69977652,-2.58681094,17.22234389,26.15619356,78.32037227,85.1567294,622745931.0035142,-29.7586,10717488966.036087,0.3738,19,17,84,1
20260930_210854,2026-09-30T21:08:54.415754+00:00,328,Monero,XMR,monero,13,540.9594223175602,-0.35839807,-0.16795288,-1.99374937,3.34521804,49.12888825,71.2515324,105345809.36203383,-5.2218,10176309491.665182,0.3552,52,44,57,1
20260930_210854,2026-09-30T21:08:54.415754+00:00,2010,Cardano,ADA,cardano,14,0.2447428364523204,0.66646173,0.02563177,3.36010047,23.54187765,41.02293552,51.90509066,510339781.85928935,-12.6526,9000768771.30058,0.314,22,58,43,1
20260930_210854,2026-09-30T21:08:54.415754+00:00,3957,UNUS SED LEO,LEO,unus-sed-leo,15,9.056224474796954,0.42364859,0.10203442,0.99059386,-6.22254186,-7.27444378,-0.78381648,420944.34666036,-43.2019,8330439191.710932,0.2908,100,59,42,1
20260930_210854,2026-09-30T21:08:54.415754+00:00,512,Stellar,XLM,stellar,16,0.22710368697172317,0.27850004,1.75458591,13.1114148,27.48604008,33.39352481,15.32880116,357372796.0622766,-32.058,7953527720.614629,0.2774,27,81,20,1
20260930_210854,2026-09-30T21:08:54.415754+00:00,6535,NEAR Protocol,NEAR,near-protocol,17,5.378574635952222,1.08893961,8.44323314,23.80712924,187.17284872,222.8073336,179.06351357,1647572477.6556911,11.9122,7033789565.141822,0.2455,8,98,3,1
20260930_210854,2026-09-30T21:08:54.415754+00:00,1831,Bitcoin Cash,BCH,bitcoin-cash,18,306.03098071485647,0.27418637,-0.77406417,-9.27358039,23.84932852,47.47947628,39.42300637,269956910.1357483,24.3728,6150174556.259666,0.2147,34,32,69,1
20260930_210854,2026-09-30T21:08:54.415754+00:00,7083,Uniswap,UNI,uniswap,19,8.86457975028077,0.29260531,-1.1496467,-3.06218301,70.50917342,118.24787105,177.11841342,754523480.7690458,-16.6719,5498897586.117928,0.1918,16,28,73,1
20260930_210854,2026-09-30T21:08:54.415754+00:00,2,Litecoin,LTC,litecoin,20,66.57527295029512,0.53781801,-1.01487757,9.29643422,36.60158508,51.09031734,53.56363274,387562515.4164677,-2.261,5170746134.041999,0.1805,25,29,72,1
20260930_210854,2026-09-30T21:08:54.415754+00:00,37263,Canton,CC,canton-network,21,0.12517739508297263,-0.46576513,-0.7370253,15.07352997,1.30284117,7.62545077,-10.83804964,33727086.7510377,-16.0627,4973250576.810365,0.1736,76,34,67,1
20260930_210854,2026-09-30T21:08:54.415754+00:00,29470,Ethena USDe,USDe,ethena-usde,22,0.9996804818367846,-0.00163784,-0.0191896,0.00527012,-0.01585308,-0.03248924,0.1248827,33495517.49943807,51.4283,4865001710.9572935,0.1698,77,50,51,1
20260930_210854,2026-09-30T21:08:54.415754+00:00,5805,Avalanche,AVAX,avalanche,23,10.927504241261015,0.2383741,-4.97682095,6.25595199,51.55933892,77.18152249,61.95279441,694689718.8513695,-38.8664,4842081760.575942,0.1689,18,5,96,1
20260930_210854,2026-09-30T21:08:54.415754+00:00,20947,Sui,SUI,sui,24,1.1622033315697462,0.8607149,0.45995758,21.6395614,60.39163734,72.26730392,58.03771282,1124132885.7802474,3.499,4761009119.609124,0.1661,11,65,36,1
20260930_210854,2026-09-30T21:08:54.415754+00:00,4642,Hedera,HBAR,hedera,25,0.10846354024387207,0.32814108,4.58584028,20.52534286,47.19854005,56.97932614,51.73336623,309788541.14676523,-46.4634,4755882628.711197,0.166,30,90,11,1
20260930_210854,2026-09-30T21:08:54.415754+00:00,4943,Dai,DAI,multi-collateral-dai,26,0.999878662255659,-0.0054133,-0.0123539,0.03430729,-0.00655735,0.02325052,0.01737503,20317748.89208633,-14.7472,4573091102.934566,0.1595,82,53,48,1
20260930_210854,2026-09-30T21:08:54.415754+00:00,36148,World Liberty Financial USD,USD1,usd1,27,0.9991534641843534,-0.00112182,-0.01660868,-0.0280449,-0.04242019,-0.00197477,0.06466658,900940379.52936,6.5534,4392441613.984693,0.1533,13,52,49,1
20260930_210854,2026-09-30T21:08:54.415754+00:00,11419,Gram (prev. Toncoin),GRAM,gram,28,1.5202888759679651,-0.05071403,1.02918279,7.89861953,9.94128935,9.38788248,-10.10200407,115794719.62932041,-18.8615,4281821289.1849594,0.1494,50,74,27,1
20260930_210854,2026-09-30T21:08:54.415754+00:00,3155,Quant,QNT,quant,29,289.61260120994217,-1.47240992,8.1835532,309.46586303,373.37059999,373.59597111,330.23997482,868836830.5300258,13.6435,3496417055.9061146,0.122,15,96,5,1
20260930_210854,2026-09-30T21:08:54.415754+00:00,22974,Bittensor,TAO,bittensor,30,301.7079477748536,0.37476551,-0.78808083,5.41450395,31.79548639,57.77791792,43.66044855,287937866.23037255,-4.2702,3490562520.316478,0.1218,32,31,70,1
20260930_210854,2026-09-30T21:08:54.415754+00:00,5994,Shiba Inu,SHIB,shiba-inu,31,5.7589225866289605e-06,0.51528709,0.00994838,3.17316124,13.84019032,19.34142191,34.55021919,80663349.66013467,-16.0585,3393381010.739322,0.1184,56,57,44,1
20260930_210854,2026-09-30T21:08:54.415754+00:00,3635,Cronos,CRO,cronos,32,0.06689174672919607,0.42548089,-2.76282197,9.51037328,19.50386164,23.29278435,19.46406551,15587983.36361775,-27.233,3328091641.3263173,0.1161,85,16,85,1
20260930_210854,2026-09-30T21:08:54.415754+00:00,33793,Global Dollar,USDG,global-dollar-usdg,33,1.0000614571438498,0.02563749,-0.03869764,0.01086606,-0.01037024,0.00163144,-0.00477163,736427775.0051302,6.6495,3165190759.905453,0.1105,17,48,53,1
20260930_210854,2026-09-30T21:08:54.415754+00:00,5176,Tether Gold,XAUt,tether-gold,34,4162.157186324617,0.11766055,-0.46832976,-2.89783879,-6.23620619,2.99474088,1.20599724,223380546.04037708,-9.0974,2952316566.9511895,0.103,37,40,61,1
20260930_210854,2026-09-30T21:08:54.415754+00:00,27772,PayPal USD,PYUSD,paypal-usd,35,0.9997089775082537,-0.0035236,-0.03075674,0.00057095,-0.00719156,0.01350853,-0.00033743,46797794.59449746,8.5355,2746826260.142668,0.0959,68,49,52,1
20260930_210854,2026-09-30T21:08:54.415754+00:00,36507,Pump.fun,PUMP,pump-fun,36,0.005849463833755616,1.0219134,-0.72386474,45.89515509,32.04816448,176.34154965,281.50737912,423411053.8738831,-16.7277,2721366369.274024,0.095,24,35,66,1
20260930_210854,2026-09-30T21:08:54.415754+00:00,30171,Ethena,ENA,ethena,37,0.26247508956707927,-0.12403908,4.49569258,28.51183302,77.12267199,228.79275794,242.83512991,878775109.32594,93.6243,2649768052.645155,0.0924,14,89,12,1
20260930_210854,2026-09-30T21:08:54.415754+00:00,3897,OKB,OKB,okb,38,120.99756743674808,0.0396254,0.32736801,2.67533651,7.65816498,40.23558255,49.25704532,30739476.71170802,-16.9878,2540948916.1717095,0.0887,79,63,38,1
20260930_210854,2026-09-30T21:08:54.415754+00:00,7278,Aave,AAVE,aave,39,158.88690321217726,0.47592875,-4.1400901,15.09738844,28.05425559,77.70011373,82.51841534,497705600.85371035,-39.2788,2452273760.433367,0.0856,23,10,91,1
20260930_210854,2026-09-30T21:08:54.415754+00:00,21159,Ondo,ONDO,ondo-finance,40,0.49562094025849096,0.79040946,-2.42765533,20.99998356,42.89426507,29.86989484,50.23824051,376596969.7207798,5.0566,2413342233.6956263,0.0842,26,19,82,1
20260930_210854,2026-09-30T21:08:54.415754+00:00,34387,Ripple USD,RLUSD,ripple-usd,41,1.000051685726637,0.00684407,0.00591355,0.01656324,-0.00298693,-0.01157859,0.01840586,277550308.6363759,-3.5995,2400119573.03028,0.0837,33,55,46,1
20260930_210854,2026-09-30T21:08:54.415754+00:00,27075,Mantle,MNT,mantle,42,0.6940668439912326,0.3118729,4.13451455,6.56008315,23.21277532,76.24247776,58.44203901,39763235.5847165,35.6316,2292013040.0173206,0.08,72,88,13,1
20260930_210854,2026-09-30T21:08:54.415754+00:00,35491,MemeCore,M,memecore,43,0.9883203609096725,-4.01122283,-5.06347275,-17.98643928,-10.01573074,-8.59245711,-39.07663512,1914269.36456588,-32.1871,2254481323.324597,0.0786,98,3,98,1
20260930_210854,2026-09-30T21:08:54.415754+00:00,13502,Worldcoin,WLD,worldcoin-org,44,0.5361859761376799,0.69721897,8.26372718,32.58497985,47.3656472,77.61952462,34.65507796,550478043.9575204,38.8054,2118324336.171209,0.0739,20,97,4,1
20260930_210854,2026-09-30T21:08:54.415754+00:00,6636,Polkadot,DOT,polkadot-new,45,1.2329857950105791,0.69208257,3.12108004,12.69186583,48.37447885,59.09709129,46.3675712,180621336.81254768,-6.9538,2102522137.1793964,0.0734,43,84,17,1
20260930_210854,2026-09-30T21:08:54.415754+00:00,36341,Aster,ASTER,aster,46,0.7640696202307202,0.86367086,5.12424755,10.86170096,9.28664632,27.2057828,20.47966553,220460399.349385,75.7413,2066448518.4309247,0.0721,38,94,7,1
20260930_210854,2026-09-30T21:08:54.415754+00:00,8916,Internet Computer,ICP,internet-computer,47,3.339515685219453,-1.58280679,-4.52002396,15.93261008,39.10828984,65.09283161,52.53952717,131036132.31975842,-36.3192,1859951617.131292,0.0649,48,8,93,1
20260930_210854,2026-09-30T21:08:54.415754+00:00,33038,Sky,SKY,sky,48,0.07743211909594136,1.28708072,-6.9032902,12.47767478,13.25309516,38.98511338,32.12076189,30742784.89848647,-38.3909,1813828139.4207475,0.0633,78,2,99,1
20260930_210854,2026-09-30T21:08:54.415754+00:00,4705,PAX Gold,PAXG,pax-gold,49,4166.020835469355,0.08677712,-0.48568846,-2.74300069,-6.33382012,2.95420076,1.23316198,145957386.27221835,-16.7055,1812513145.0854304,0.0632,46,39,62,1
20260930_210854,2026-09-30T21:08:54.415754+00:00,24478,Pepe,PEPE,pepe,50,4.29614282577525e-06,0.65156541,0.80034995,-1.33905347,20.50778172,55.51743961,76.59995818,328187364.1480377,21.8761,1777625134.9011226,0.062,29,70,31,1
20260930_210854,2026-09-30T21:08:54.415754+00:00,33251,World Liberty Financial,WLFI,world-liberty-financial-wlfi,51,0.05533255831589376,0.24677139,-2.57435909,2.51868387,-4.46195504,1.50770743,-5.53269807,59558392.41664437,34.9798,1758377098.0155094,0.0614,66,18,83,1
20260930_210854,2026-09-30T21:08:54.415754+00:00,19891,USDD,USDD,usdd,52,0.9990874149289446,0.02287148,-0.04549396,-0.12538719,0.01142414,-0.27683125,0.04633266,675412.17920415,-73.6187,1528502176.615596,0.0533,99,46,55,1
20260930_210854,2026-09-30T21:08:54.415754+00:00,39120,United Stables,U,united-stables,53,0.9993139467302614,0.01205844,-0.01199843,0.00200736,-0.01801346,-0.04198657,-0.01871441,186342465.34311047,14.3067,1495644738.2299423,0.0522,42,54,47,1
20260930_210854,2026-09-30T21:08:54.415754+00:00,1321,Ethereum Classic,ETC,ethereum-classic,54,8.839560764662727,0.30543287,-3.19807979,1.71993354,21.2207083,36.49159056,24.93112969,72116430.8639401,5.5606,1399613207.651945,0.0489,60,14,87,1
20260930_210854,2026-09-30T21:08:54.415754+00:00,11841,Arbitrum,ARB,arbitrum,55,0.2044114061838234,1.1888208,-1.38263303,-6.43609093,105.24534841,160.19118078,163.13101597,224670260.7957862,-29.0119,1387048846.773292,0.0484,36,24,77,1
20260930_210854,2026-09-30T21:08:54.415754+00:00,11092,Bitget Token,BGB,bitget-token-new,56,1.975466782615689,0.09789012,-0.38694755,-2.83677337,1.86795553,21.0920389,16.67009344,11118952.99747301,-0.1456,1382760195.0821655,0.0483,90,41,60,1
20260930_210854,2026-09-30T21:08:54.415754+00:00,35509,Venice Token,VVV,venice-token,57,27.622682283584112,1.01313533,1.7256047,-6.29185712,61.18655647,136.35541507,109.39449879,37627675.07219201,-18.4534,1341625803.2603285,0.0468,74,80,21,1
20260930_210854,2026-09-30T21:08:54.415754+00:00,34104,Morpho,MORPHO,morpho,58,2.47927787147131,0.12022341,0.85290574,-2.18048058,-6.89950459,28.04285965,21.53733911,41428961.33993035,-1.873,1320309534.9212368,0.0461,71,72,29,1
20260930_210854,2026-09-30T21:08:54.415754+00:00,20396,Kaspa,KAS,kaspa,59,0.04374532008939141,0.30096353,0.80126897,13.19321824,58.59821802,63.82653016,42.16505529,19194464.96280169,5.4207,1213085594.2595415,0.0423,83,71,30,1
20260930_210854,2026-09-30T21:08:54.415754+00:00,28321,Polygon (prev. MATIC),POL,polygon-ecosystem-token,60,0.11219442709911348,0.76424235,-4.90835554,11.74608409,23.91213629,56.04150106,52.00031724,180370108.37795538,-10.9502,1191887216.210527,0.0416,44,6,95,1
20260930_210854,2026-09-30T21:08:54.415754+00:00,4269,GateToken,GT,gatetoken,61,10.85565755891071,0.18603772,0.26421429,2.89875763,36.0093478,67.70089679,63.23499107,3530121.58021006,37.9749,1157716856.911166,0.0404,95,61,40,1
20260930_210854,2026-09-30T21:08:54.415754+00:00,4030,Algorand,ALGO,algorand,62,0.1237734843997169,0.05550671,-2.07690254,18.46940755,44.81988066,56.76152698,44.43177129,197889029.42677793,0.4512,1121355062.9328015,0.0391,40,21,80,1
20260930_210854,2026-09-30T21:08:54.415754+00:00,29210,Jupiter,JUP,jupiter-ag,63,0.32767387006154897,0.86841849,-1.43703951,14.56942385,49.7740652,70.95612688,33.39308193,69905812.60817039,-16.8969,1087670553.3590426,0.038,61,23,78,1
20260930_210854,2026-09-30T21:08:54.415754+00:00,5488,JUST,JST,just,64,0.13281093468225785,-0.15634576,3.40954413,19.60382186,34.00397961,27.49939198,51.39828067,44900920.69612715,1.0123,1087554616.5293763,0.038,69,85,16,1
20260930_210854,2026-09-30T21:08:54.415754+00:00,35697,Pi,PI,pi,65,0.09174892795217719,0.08145549,1.56715242,4.65065692,0.77912206,7.33236745,-21.67700334,6460283.30966183,7.9342,1031535257.2234615,0.036,92,78,23,1
20260930_210854,2026-09-30T21:08:54.415754+00:00,2087,KuCoin Token,KCS,kucoin-token,66,7.392015933433852,0.36541518,-0.51968338,3.76548654,3.60117642,12.54777698,3.23414863,3096773.54993362,-20.1806,1013852102.6329664,0.0354,96,38,63,1
20260930_210854,2026-09-30T21:08:54.415754+00:00,5690,Render,RENDER,render,67,1.9162287181303634,0.15250898,-0.80742344,11.28877452,35.39988059,41.16891314,21.55028696,39711562.97198746,-13.5323,994093931.82962,0.0347,73,30,71,1
20260930_210854,2026-09-30T21:08:54.415754+00:00,39125,Lighter,LIT,lighter,68,3.8315129241911574,-0.02879819,-14.71291644,-27.94953525,7.82537019,88.41154243,85.94112,295260370.15508074,427.009,957878231.0477893,0.0334,31,1,100,1
20260930_210854,2026-09-30T21:08:54.415754+00:00,3794,Cosmos,ATOM,cosmos,69,1.7412222163270157,0.58033157,0.49425482,3.21548061,18.62449768,42.52597614,12.42110047,42348096.27679925,-36.3571,928336438.9280514,0.0324,70,67,34,1
20260930_210854,2026-09-30T21:08:54.415754+00:00,2280,Filecoin,FIL,filecoin,70,1.0396566793490765,0.77971315,-3.93062787,13.0665704,53.68991128,48.61326265,34.50198159,169267955.6886571,0.4635,865302533.2909809,0.0302,45,11,90,1
20260930_210854,2026-09-30T21:08:54.415754+00:00,7186,PancakeSwap,CAKE,pancakeswap,71,2.593816137305123,0.13169749,1.43721853,1.74151287,39.52812354,84.65097805,91.16369455,50548846.82010123,-0.5167,857714243.6764995,0.0299,67,76,25,1
20260930_210854,2026-09-30T21:08:54.415754+00:00,29270,Aerodrome Finance,AERO,aerodrome-finance,72,0.8119322788652098,0.96768765,-0.69868285,21.03395416,70.94742346,102.04683126,60.83570122,60163672.66609032,-25.1655,808305598.6364027,0.0282,64,36,65,1
20260930_210854,2026-09-30T21:08:54.415754+00:00,131,Dash,DASH,dash,73,60.31670239078014,0.11840457,-1.27625011,4.67667477,33.18687231,94.38242341,75.52642904,104282004.57726437,-37.8861,775031734.3500067,0.0271,53,26,75,1
20260930_210854,2026-09-30T21:08:54.415754+00:00,3077,VeChain,VET,vechain,74,0.008805104880102794,0.15270184,-0.74945541,0.28221747,30.23677941,90.31438977,90.25279054,13855408.53926029,-11.9423,757107305.6834424,0.0264,87,33,68,1
20260930_210854,2026-09-30T21:08:54.415754+00:00,7226,Injective,INJ,injective,75,7.399646301737328,1.06671517,-4.52943293,-3.21518925,49.20237404,49.96783743,60.8426622,111522717.47274645,-7.802,739749703.7470757,0.0258,51,7,94,1
20260930_210854,2026-09-30T21:08:54.415754+00:00,2634,XDC Network,XDC,xdc-network,76,0.03443890971688847,0.09977556,3.63824903,16.39633112,24.86516077,32.67041191,21.98906681,14659358.22524921,-43.5283,739726664.4702765,0.0258,86,86,15,1
20260930_210854,2026-09-30T21:08:54.415754+00:00,29814,ether.fi,ETHFI,ether-fi-ethfi,77,0.7647657842692808,0.49323,-2.29088109,17.65273738,34.95018355,92.79680823,131.44832252,63950990.64080886,-45.7142,738266649.8443502,0.0258,62,20,81,1
20260930_210854,2026-09-30T21:08:54.415754+00:00,38892,Stable,STABLE,stable,78,0.027509746016977574,0.15490629,-5.06226394,6.86337587,-0.63310731,-16.83976843,-21.49452549,10414670.79988965,-16.1299,737139871.1210924,0.0257,91,4,97,1
20260930_210854,2026-09-30T21:08:54.415754+00:00,21794,Aptos,APT,aptos,79,0.7683136577641136,-0.23699165,-3.81723685,1.65896516,46.72494479,39.78484496,26.40017011,77244796.58805074,-14.7242,669228401.3704208,0.0234,58,12,89,1
20260930_210854,2026-09-30T21:08:54.415754+00:00,4847,Stacks,STX,stacks,80,0.3619592526290912,0.55096874,12.7738484,17.91649107,44.71975726,165.40697031,118.49130045,59990330.39723363,208.3923,656813354.9098527,0.0229,65,99,2,1
20260930_210854,2026-09-30T21:08:54.415754+00:00,26997,LayerZero,ZRO,layerzero,81,1.6817058091429862,0.84614447,5.5365723,11.65245994,62.13179467,133.20364743,93.63890428,191896898.0350456,89.1035,655745397.5902854,0.0229,41,95,6,1
20260930_210854,2026-09-30T21:08:54.415754+00:00,7950,Flare,FLR,flare,82,0.00739473462055099,-0.21634856,-1.37754293,5.33349679,5.39577501,19.4080408,10.79807532,5588593.35902646,-14.1932,643590402.698753,0.0225,94,25,76,1
20260930_210854,2026-09-30T21:08:54.415754+00:00,39064,Midnight,NIGHT,midnight-network,83,0.038133891670026995,2.18160802,17.69636093,65.88906037,106.75476932,107.56508875,19.57822209,91389664.69750309,71.0492,633304769.6786052,0.0221,55,100,1,1
20260930_210854,2026-09-30T21:08:54.415754+00:00,6538,Curve DAO Token,CRV,curve-dao-token,84,0.3939374140720273,1.09106482,2.0601534,22.31632684,17.65370497,96.33942319,94.47888088,98439906.2575369,-53.7945,618047740.7739178,0.0216,54,82,19,1
20260930_210854,2026-09-30T21:08:54.415754+00:00,34466,Pudgy Penguins,PENGU,pudgy-penguins,85,0.009673385301406103,0.28467146,-2.88001824,-0.57376375,10.27236957,63.95152225,53.33782752,234898186.31946334,19.6136,608072831.5779586,0.0212,35,15,86,1
20260930_210854,2026-09-30T21:08:54.415754+00:00,28177,Pyth Network,PYTH,pyth-network,86,0.07690032036947678,0.25047465,-3.66475145,22.91307251,56.28035392,97.46531995,97.58082215,23564913.11744997,-26.3262,605586892.2171402,0.0211,81,13,88,1
20260930_210854,2026-09-30T21:08:54.415754+00:00,35336,OFFICIAL TRUMP,TRUMP,official-trump,87,2.0486357211549664,0.83387981,0.317646,4.66688329,-16.14451911,43.23669739,19.7727805,341251479.824126,-4.0518,577442519.6361476,0.0201,28,62,39,1
20260930_210854,2026-09-30T21:08:54.415754+00:00,23149,Sei,SEI,sei,88,0.07298057035487843,0.21039767,-1.23106624,24.98514224,64.90852935,78.83359461,53.22325286,79772758.03605819,-37.2054,553182587.0915425,0.0193,57,27,74,1
20260930_210854,2026-09-30T21:08:54.415754+00:00,2694,Nexo,NEXO,nexo,89,0.8539353888768515,0.50541554,0.63185087,-1.39978248,1.86320218,19.84061715,10.78284781,5832478.85436378,-28.9212,551766798.7883681,0.0192,93,68,33,1
20260930_210854,2026-09-30T21:08:54.415754+00:00,8526,Raydium,RAY,raydium,90,1.968433600741556,0.30017112,5.02074034,-4.94983508,144.77584676,227.49367356,180.84338242,74384340.73587592,15.8197,531208582.1792395,0.0185,59,93,8,1
20260930_210854,2026-09-30T21:08:54.415754+00:00,29420,Virtuals Protocol,VIRTUAL,virtual-protocol,91,0.7979952798405066,0.86726033,1.63878442,15.27797354,15.14136318,46.59158324,43.66752184,143126787.27015084,0.8693,525880302.1762667,0.0183,47,79,22,1
20260930_210854,2026-09-30T21:08:54.415754+00:00,3773,Artificial Superintelligence Alliance,FET,artificial-superintelligence-alliance,92,0.22551771148291097,0.97075799,-1.94550692,15.55787185,47.54343956,62.46816759,21.87383627,214340770.00568438,-3.4082,521285798.1390808,0.0182,39,22,79,1
20260930_210854,2026-09-30T21:08:54.415754+00:00,38590,币安人生,币安人生,bianrensheng,93,0.5036734148637265,0.03117704,2.08378531,2.35091728,3.66917052,-18.94835776,-25.72667459,2493684.96303895,-49.3864,503673414.8637265,0.0176,97,83,18,1
20260930_210854,2026-09-30T21:08:54.415754+00:00,2563,TrueUSD,TUSD,trueusd,94,0.9990222059505249,-0.01361628,-0.04368986,-0.07858547,0.08749189,0.37655201,0.11515603,17570013.78447296,8.7977,494031549.0944669,0.0172,84,47,54,1
20260930_210854,2026-09-30T21:08:54.415754+00:00,20641,EURC,EURC,euro-coin,95,1.1324635421979732,-0.00901048,-0.15355171,-0.47058543,-2.51581205,-1.70505751,-0.87657692,63523167.55649625,15.756,458343268.8534894,0.016,63,45,56,1
20260930_210854,2026-09-30T21:08:54.415754+00:00,38849,Pieverse,PIEVERSE,pieverse,96,1.4220668087132198,0.36230932,0.42085581,-16.05821175,40.74505686,102.86398235,107.44616011,26753135.51731703,-72.553,420010588.94176483,0.0147,80,64,37,1
20260930_210854,2026-09-30T21:08:54.415754+00:00,36645,Plasma,XPL,plasma-xpl,97,0.09248004286465834,0.21679197,-4.1506329,4.02373988,9.7459907,23.72997678,-3.34573935,129679029.94597535,-7.6181,419242860.98644805,0.0146,49,9,92,1
20260930_210854,2026-09-30T21:08:54.415754+00:00,9481,Pendle,PENDLE,pendle,98,2.3586800931648857,0.79452802,0.74595836,-4.4240757,34.85396097,70.38674576,56.77131861,36232303.81988221,-5.387,409527851.74847883,0.0143,75,69,32,1
20260930_210854,2026-09-30T21:08:54.415754+00:00,28081,SPX6900,SPX,spx6900,99,0.4361151386655844,0.99676342,4.60301931,-0.17514959,-20.64293559,37.2843976,18.2784104,11983735.10035538,41.0423,406020180.57257897,0.0142,89,91,10,1
20260930_210854,2026-09-30T21:08:54.415754+00:00,38482,Falcon Finance,FF,falcon-finance-ff,100,0.1292572979842616,-0.08238866,4.08616051,0.12824201,49.25939635,99.61683494,110.14200173,13426221.00581356,9.0011,405867915.6705814,0.0142,88,87,14,1
